{
    "average": [
        4419,
        4419,
        3694,
        3694,
        4077,
        4077,
        3684,
        3684,
        3964,
        3964,
        3135,
        3135,
        4103,
        4103,
        4337,
        4337,
        3915,
        3915
    ],
    "target": [
        300,
        300,
        300,
        300,
        300,
        300,
        300,
        300,
        300,
        300,
        300,
        300,
        300,
        300,
        300,
        300,
        300,
        300
    ],
    "time_recorded": [
        0,
        0,
        1.068,
        1.068,
        1.2720000000000002,
        1.2720000000000002,
        1.4760000000000004,
        1.4760000000000004,
        1.6820000000000004,
        1.6820000000000004,
        1.8880000000000003,
        1.8880000000000003,
        2.0880000000000005,
        2.0880000000000005,
        2.286000000000001,
        2.286000000000001,
        2.4900000000000007,
        2.4900000000000007
    ],
    "sensor1": [
        7616,
        7616,
        600,
        600,
        5441,
        5441,
        55,
        55,
        3380,
        3380,
        2394,
        2394,
        3533,
        3533,
        1497,
        1497,
        2900,
        2900
    ],
    "sensor2": [
        5090,
        5090,
        7201,
        7201,
        341,
        341,
        600,
        600,
        5678,
        5678,
        7749,
        7749,
        2691,
        2691,
        5034,
        5034,
        7934,
        7934
    ],
    "sensor3": [
        4698,
        4698,
        7350,
        7350,
        2584,
        2584,
        7856,
        7856,
        3628,
        3628,
        600,
        600,
        7021,
        7021,
        4094,
        4094,
        3562,
        3562
    ],
    "sensor4": [
        2475,
        2475,
        4765,
        4765,
        4346,
        4346,
        600,
        600,
        3238,
        3238,
        600,
        600,
        1917,
        1917,
        802,
        802,
        2663,
        2663
    ],
    "sensor5": [
        600,
        600,
        600,
        600,
        7702,
        7702,
        6771,
        6771,
        4880,
        4880,
        6806,
        6806,
        43,
        43,
        4585,
        4585,
        6552,
        6552
    ],
    "sensor6": [
        3705,
        3705,
        600,
        600,
        4542,
        4542,
        6033,
        6033,
        5457,
        5457,
        5178,
        5178,
        3296,
        3296,
        6397,
        6397,
        8137,
        8137
    ],
    "sensor7": [
        7465,
        7465,
        3312,
        3312,
        600,
        600,
        600,
        600,
        6842,
        6842,
        2034,
        2034,
        7715,
        7715,
        5966,
        5966,
        600,
        600
    ],
    "sensor8": [
        600,
        600,
        4304,
        4304,
        8158,
        8158,
        3147,
        3147,
        600,
        600,
        1109,
        1109,
        2819,
        2819,
        7715,
        7715,
        2382,
        2382
    ],
    "sensor9": [
        7524,
        7524,
        4514,
        4514,
        2980,
        2980,
        7498,
        7498,
        1974,
        1974,
        1745,
        1745,
        7894,
        7894,
        2942,
        2942,
        508,
        508
    ]
}